kernel,exo_c,xdsl_mlir,jit
matmul_16x16,0.0021107089705765247,0.00306320795789361,0.00047262501902878284
